<?xml version="1.0" encoding="utf-8"?>
<feed xmlns="http://www.w3.org/2005/Atom">
    <id>https://Linkna.github.io</id>
    <title>https://Linkna.github.io</title>
    <updated>2020-03-04T10:34:17.824Z</updated>
    <generator>https://github.com/jpmonette/feed</generator>
    <link rel="alternate" href="https://Linkna.github.io"/>
    <link rel="self" href="https://Linkna.github.io/atom.xml"/>
    <subtitle>我，是一个人</subtitle>
    <logo>https://Linkna.github.io/images/avatar.png</logo>
    <icon>https://Linkna.github.io/favicon.ico</icon>
    <rights>All rights reserved 2020, https://Linkna.github.io</rights>
    <entry>
        <title type="html"><![CDATA[大事祭]]></title>
        <id>https://Linkna.github.io/post/da-shi-ji/</id>
        <link href="https://Linkna.github.io/post/da-shi-ji/">
        </link>
        <updated>2020-03-04T09:55:52.000Z</updated>
        <content type="html"><![CDATA[<p>2018-03-24 10:13</p>
<p>欢迎注册洛谷。希望洛谷可以给你带来进步。如果有任何疑问可以查看帮助，也可以直接在讨论区发帖。祝你在洛谷coding愉快！</p>
<p>2018-04-07 13:05</p>
<p>成为了小小牛。以后还要继续努力!</p>
<p>2018-07-18 21:58</p>
<p>成为了小小犇。以后还要继续努力!</p>
<p>2018-08-17 08:36</p>
<p>成为了小牛。以后还要继续努力!</p>
<p>2018-09-17 19:32</p>
<p>成为了小犇。以后还要继续努力!</p>
<p>2018-12-31 11:55</p>
<p>成为了中牛。以后还要继续努力!</p>
<p>2019-01-28 11:08</p>
<p>成为了中犇。以后还要继续努力!</p>
<p>2019-01-31 10:11:51</p>
<p>提交200祭（QAQ）</p>
<p>2019-02-15 12:35:14</p>
<h4 id="绿名祭">绿名祭</h4>
<p>2019-03-03 18:44:24</p>
<p>AC70祭</p>
<p>2019-03-06 20:38:41</p>
<h4 id="又掉蓝2333祭">又掉蓝2333祭</h4>
<p>2019-03-08 18:03</p>
<p>成为了大牛。以后还要继续努力!</p>
<p>2019-03-12 19:57:09</p>
<p>AC80祭（QAQ我真是个蒟蒻）</p>
<p>2019-03-31 20:26:11</p>
<p>愚人节比赛爆0祭</p>
<p>AC95祭</p>
<p>2019-04-14 19:28:05</p>
<p>终于，AC100祭！（果然是个蒟蒻）</p>
<p>2019-04-16 19:02:59</p>
<h4 id="我橙名了橙名祭莫名其妙地橙名了">我！！！！！！橙名了！！！！！！！橙名祭！（莫名其妙地橙名了）</h4>
<p>2019-04-30 16:40:04</p>
<h4 id="莫名其妙又蓝了蓝名祭">莫名其妙又蓝了？？？蓝名祭</h4>
<p>2019-06-22 14:34</p>
<p>成为了大犇。以后还要继续努力!</p>
<p>2019-07-09 21:14:11</p>
<p>通过11^2题祭</p>
<p>2019-07-17 16:18:17</p>
<h4 id="wtf绿名祭">WTF绿名祭</h4>
<p>2019-08-14 20:40:47</p>
<h4 id="蓝了蓝名祭一秒钟前还是绿的">蓝了？？？蓝名祭？？？一秒钟前还是绿的</h4>
<p>2020-2-6 10:34:51</p>
<h4 id="人生中的第一道黑题-这里">人生中的第一道黑题！ <a href="https://www.luogu.com.cn/record/30189379">这里！</a></h4>
<p>2020-03-04 16:54:07</p>
<p>题解5篇祭</p>
]]></content>
    </entry>
    <entry>
        <title type="html"><![CDATA[个人简介]]></title>
        <id>https://Linkna.github.io/post/ge-ren-jian-jie/</id>
        <link href="https://Linkna.github.io/post/ge-ren-jian-jie/">
        </link>
        <updated>2020-03-04T09:54:26.000Z</updated>
        <content type="html"><![CDATA[<h1 id="我是智障">我是智障。</h1>
<p>脑子有病一样的存在</p>
]]></content>
    </entry>
    <entry>
        <title type="html"><![CDATA[【OI无关】关于神帖]]></title>
        <id>https://Linkna.github.io/post/oi-wu-guan-guan-yu-shen-tie/</id>
        <link href="https://Linkna.github.io/post/oi-wu-guan-guan-yu-shen-tie/">
        </link>
        <updated>2020-03-04T09:53:25.000Z</updated>
        <content type="html"><![CDATA[<h5 id="不是上网的人变xxs了而是网络已经普及到xxs中去了">不是上网的人变xxs了，而是网络已经普及到xxs中去了</h5>
<p>当一个交流平台人数很少时，人们往往能够相处得融洽，或至少能维持关系和睦，但如果变得人多而杂，便会出现某些人素质低下、态度恶劣、无法求同存异甚至专门通过引战、撕逼等引发争吵来获得快感的情况，导致时不时就会出现严重的纠纷或者战争、管理人员郁闷烦躁、平台成员愤怒离开等情况。</p>
<p>正如某dalao所说：lg真的需要一些正气</p>
]]></content>
    </entry>
</feed>